Firm,Year,COVID,ROA,ROE,Growth,Revenue,Total Assets,PAT,ATR,Equity,Nợ phải trả,LEV,Employees,Multi,Firm Type,Spec
AGG,2014,,,,,,,,,,,,,1,0,0
AGG,2015,0,,,,,,,,,,,,1,0,0
AGG,2016,0,0.0007,0.0381,,602637,2267344,1547,0.2658,40646,2226698,54.783,,1,0,0
AGG,2017,0,0.0239,0.3384,0.6414,989145,2451628,58562,0.4035,173046,2262888,13.077,126,1,0,0
AGG,2018,0,0.1277,0.3662,0.1378,1125412,2291060,292641,0.4912,799106,1451712,1.817,174,1,0,0
AGG,2019,0,0.0605,0.2246,-0.6582,384627,5398913,326497,0.0712,1453450,3945463,2.715,184,1,0,0
AGG,2020,1,0.0425,0.1787,3.5593,1753643,9753392,414713,0.1798,2320738,7432654,3.203,201,1,0,0
AGG,2021,1,0.0334,0.1567,0.0312,1808365,12564828,419375,0.1439,2675589,9889239,3.696,205,1,0,0
AGG,2022,0,0.0017,0.0070,2.4222,6188635,11098528,18966,0.5576,2725619,8372910,3.072,145,1,0,0
AGG,2023,0,0.0189,0.0610,-0.3713,3891047,9293398,175358,0.4187,2876121,6417277,2.231,99,1,0,0
AGG,2024,0,0.0423,0.0948,-0.5083,1913398,7035484,297501,0.2720,3137089,3898395,1.243,101,1,0,0
AGG,2025,0,0.0692,0.1079,-0.5667,829089,5476945,379195,0.1514,3514998,1961947,0.558,95,1,0,0
D2D,2015,0,0.0495,0.1428,-0.0628,277039,1105783,54699,0.2505,382949,722833,1.888,85,0,1,1
D2D,2014,0,,,,295588,,,,,,,88,0,1,1
D2D,2016,0,0.0404,0.1389,0.3943,412151,1375058,55614,0.2997,400377,974681,2.434,86,0,1,1
D2D,2017,0,0.0605,0.1774,-0.4142,241430,1244421,753401,0.1940,424682,819739,1.930,87,0,1,1
D2D,2018,0,0.0593,0.1989,0.1702,282522,1590548,943611,0.1776,474344,1116203,2.353,89,0,1,1
D2D,2019,0,0.1788,0.4707,1.7034,763774,2098644,375192,0.3639,797131,1301514,1.633,84,0,1,1
D2D,2020,1,0.1338,0.2766,-0.5322,357303,2003613,268127,0.1783,969394,1034219,1.067,85,0,1,1
D2D,2021,1,0.1359,0.2213,0.3219,472312,1786012,242715,0.2645,1096996,689017,0.628,86,0,1,1
D2D,2022,0,0.0103,0.0171,-0.7227,130949,1663640,17182,0.0787,1004832,658808,0.656,84,0,1,1
D2D,2023,0,0.0165,0.0275,0.4879,194833,1558765,25753,0.1250,936634,622131,0.664,78,0,1,1
D2D,2024,0,0.0566,0.1181,0.7775,346321,1558765,88209,0.2222,746799,769467,1.030,78,0,1,1
D2D,2025,0,0.1711,0.3331,1.2550,780962,1401891,239897,0.5571,720183,681707,0.947,78,0,1,1
BCM,2014,,,,,5832349,,,,,,,,0,1,1
BCM,2015,0,0.0094,0.0429,0.2581,7337544,51471671,484962,0.1426,11315498,40156173,3.549,2301,0,1,1
BCM,2016,0,0.0137,0.0603,-0.0052,7299657,57246332,786907,0.1275,13049644,44196688,3.387,,0,1,1
BCM,2017,0,0.0160,0.0687,-0.0576,6879245,51201884,821476,0.1344,11962670,39239214,3.280,,0,1,1
BCM,2018,0,0.0495,0.1652,-0.0558,6495404,45183740,2235754,0.1438,13530592,31653148,2.339,2398,0,1,1
BCM,2019,0,0.0572,0.1579,0.2645,8213443,43515596,2486921,0.1887,15750121,27765476,1.763,1776,0,1,1
BCM,2020,1,0.0410,0.1155,-0.2080,6504738,48485332,1985550,0.1342,17187472,31297860,1.821,1672,0,1,1
BCM,2021,1,0.0287,0.0819,0.0746,6989749,48952441,1404559,0.1428,17144921,31807520,1.855,1681,0,1,1
BCM,2022,0,0.0349,0.0939,-0.0692,6506378,48289575,1685043,0.1347,17945128,30344448,1.691,1899,0,1,1
BCM,2023,0,0.0454,0.1244,0.2115,7882566,53423902,2423169,0.1475,19472891,33951011,1.744,1997,0,1,1
BCM,2024,0,0.0372,0.1058,-0.3353,5239237,58780758,2187091,0.0891,20679200,38101557,1.843,2020,0,1,1
BCM,2025,0,0.0574,0.1498,0.3271,6953015,60941012,3500888,0.1141,23371675,37569337,1.607,1727,0,1,1
CEO,2014,0,,,,448924,,,,,,,321,0,2,1
CEO,2015,0,0.0532,0.1269,0.4243,639404,2621012,139432,0.2440,1099046,1521967,1.385,678,0,2,1
CEO,2016,0,0.0409,0.1002,1.2059,1410434,3834549,156983,0.3678,1566577,2267972,1.448,937,0,2,1
CEO,2017,0,0.0314,0.0794,0.2995,1832799,5652286,177650,0.3243,2238283,3414003,1.525,1380,0,2,1
CEO,2018,0,0.0265,0.0903,0.2256,2246238,8422490,223232,0.2667,2471279,5951211,2.408,1988,0,2,1
CEO,2019,0,0.0557,0.1222,1.0256,4550055,8037362,447910,0.5661,3665754,4371607,1.193,2120,0,2,1
CEO,2020,1,-0.0090,-0.0194,-0.7091,1323835,7438270,-67165,0.1780,3456345,3981925,1.152,2030,0,2,1
CEO,2021,1,0.0132,0.0264,-0.3188,901811,7050052,93150,0.1279,3534352,3515699,0.995,1108,0,2,1
CEO,2022,0,0.0395,0.0750,1.8265,2548999,7060487,278907,0.3610,3719155,3341333,0.898,1135,0,2,1
CEO,2023,0,0.0160,0.0241,-0.4533,1393473,9424848,150764,0.1479,6246056,3178792,0.509,1304,0,2,1
CEO,2024,0,0.0212,0.0301,-0.0614,1307936,8957583,190154,0.1460,6312301,2645282,0.419,1352,0,2,1
CEO,2025,0,0.0203,0.0275,0.0235,1338663,8730058,177282,0.1533,6441658,2288400,0.355,1293,0,2,1
DIG,2014,0,,,,691031,,,,,,,200,0,0,1
DIG,2015,0,0.0021,0.0039,-0.0518,655225,5089310,10461,0.1287,2656336,2432973,0.916,219,0,0,1
DIG,2016,0,0.0099,0.0209,0.7581,1151929,5875806,58446,0.1960,2798061,3077745,1.100,232,0,0,1
DIG,2017,0,0.0323,0.0679,0.3835,1593711,6083230,196235,0.2620,2890561,3192669,1.105,259,0,0,1
DIG,2018,0,0.0474,0.1006,0.4714,2345008,6832108,323992,0.3432,3219360,3612748,1.122,279,0,0,1
DIG,2019,0,0.0477,0.0975,-0.0978,2115744,8197229,390990,0.2581,4009446,4187782,1.044,267,0,0,1
DIG,2020,1,0.0601,0.1485,0.1756,2487174,11826163,711238,0.2103,4790129,7036034,1.469,238,0,0,1
DIG,2021,1,0.0585,0.1285,0.0328,2568689,16846905,986154,0.1525,7671483,9175422,1.196,292,0,0,1
DIG,2022,0,0.0098,0.0185,-0.2616,1896689,14747796,144128,0.1286,7794735,6953061,0.892,301,0,0,1
DIG,2023,0,0.0071,0.0150,-0.4592,1025747,16827607,118727,0.0610,7893558,8934049,1.132,293,0,0,1
DIG,2024,0,0.0062,0.0142,0.2683,1300999,18539324,114536,0.0702,8041311,10498013,1.306,282,0,0,1
DIG,2025,0,0.0341,0.0645,2.6262,4717667,18959639,646459,0.2488,10025617,8934022,0.891,274,0,0,1
DTA,2014,0,,,,28061,,,,,,,50,1,0,0
DTA,2015,0,0.0003,0.0007,0.2791,35893,232178,76,0.1546,101697,130480,1.283,50,1,0,0
DTA,2016,0,0.0007,0.0013,-0.3555,23134,289391,196,0.0799,151894,137497,0.905,38,1,0,0
DTA,2017,0,0.0118,0.0241,-0.2348,17703,317754,3746,0.0557,155640,162114,1.042,41,1,0,0
DTA,2018,0,0.0104,0.0227,0.7463,30915,394914,4118,0.0783,181758,213156,1.173,41,1,0,0
DTA,2019,0,0.0136,0.0335,0.7164,53063,463893,6287,0.1144,187942,275951,1.468,44,1,0,0
DTA,2020,1,-0.0071,-0.0207,-0.1869,43147,535022,-3813,0.0806,183971,351050,1.908,43,1,0,0
DTA,2021,1,0.0149,0.0514,1.5225,108839,668843,9968,0.1627,193940,474904,2.449,40,1,0,0
DTA,2022,0,0.0108,0.0400,0.1890,129412,749012,8065,0.1728,201755,547257,2.712,40,1,0,0
DTA,2023,0,0.0019,0.0066,-0.2278,99936,708895,1333,0.1410,202886,506008,2.494,42,1,0,0
DTA,2024,0,0.0024,0.0073,0.4195,141862,634368,1498,0.2236,204351,430017,2.104,31,1,0,0
DTA,2025,0,0.0003,0.0010,-0.1927,114528,628123,198,0.1823,204512,423612,2.071,38,1,0,0
DXG,2014,0,,,,506181,,,,,,,1214,1,3,0
DXG,2015,0,0.0942,0.1900,1.7550,1394505,3573347,336629,0.3903,1771359,1801988,1.017,1476,1,3,0
DXG,2016,0,0.0966,0.1519,0.7974,2506517,5562791,537204,0.4506,3537355,2025436,0.573,1860,1,3,0
DXG,2017,0,0.0732,0.1613,0.1487,2879241,10264403,750891,0.2805,4653845,5610557,1.206,2674,1,3,0
DXG,2018,0,0.0858,0.1901,0.6134,4645319,13728715,1178427,0.3384,6199094,7529621,1.215,3287,1,3,0
DXG,2019,0,0.0612,0.1318,0.2515,5813578,19880517,1216515,0.2924,9227821,10652696,1.154,4219,1,3,0
DXG,2020,1,-0.0213,-0.0546,-0.5028,2890654,23311433,-495745,0.1240,9084041,14227392,1.566,4568,1,3,0
DXG,2021,1,0.0410,0.0865,2.4903,10089385,28254061,1157260,0.3571,13381475,14872586,1.111,6433,1,3,0
DXG,2022,0,0.0071,0.0153,-0.4537,5511715,30320666,214869,0.1818,14084932,16235735,1.153,3773,1,3,0
DXG,2023,0,0.0060,0.0121,-0.3242,3724826,28786441,171983,0.1294,14186368,14600073,1.029,2468,1,3,0
DXG,2024,0,0.0088,0.0168,0.2874,4795471,29183374,255935,0.1643,15202281,13981093,0.920,2516,1,3,0
DXG,2025,0,0.0096,0.0174,-0.1259,4191885,38014589,363942,0.1103,20882509,17132079,0.820,4160,1,3,0
DXS,2014,0,,,,,,,,,,,,1,3,0
DXS,2015,0,,,,,,,,,,,,1,3,0
DXS,2016,0,,,,,,,,,,,,1,3,0
DXS,2017,0,,,,,,,,,,,,1,3,0
DXS,2018,0,0.1740,0.4658,,2479153,5982843,1041174,0.4144,2235162,3747681,1.677,,1,3,0
DXS,2019,0,0.1816,0.3215,0.6501,4090733,8993139,1632944,0.4549,5078529,3914610,0.771,,1,3,0
DXS,2020,1,0.1023,0.1945,-0.2057,3249212,11095041,1135538,0.2929,5839337,5255704,0.900,5060,1,3,0
DXS,2021,1,0.0577,0.1125,0.3323,4328806,15147811,873462,0.2858,7763525,7384286,0.951,6097,1,3,0
DXS,2022,0,0.0319,0.0640,-0.0537,4096290,16602259,529940,0.2467,8284884,8317375,1.004,3340,1,3,0
DXS,2023,0,-0.0104,-0.0198,-0.5124,1997404,15457120,-160262,0.1292,8102944,7354176,0.908,2275,1,3,0
DXS,2024,0,0.0165,0.0298,0.2205,2437887,15068519,248079,0.1618,8316413,6752106,0.812,2298,1,3,0
DXS,2025,0,0.0311,0.0593,0.6269,3966299,16842602,523442,0.2355,8832413,8010190,0.907,3908,1,3,0
FIR,2014,0,,,,,,,,,,,,0,0,1
FIR,2015,0,0.0769,0.0995,,3675,2587,199,1.4206,2000,587,0.294,,0,0,1
FIR,2016,0,0.1006,0.1125,1.6506,9741,25208,2535,0.3864,22535,2673,0.119,,0,0,1
FIR,2017,0,0.0621,0.1027,5.2376,60760,245687,15249,0.2473,148481,97206,0.655,,0,0,1
FIR,2018,0,0.1179,0.3413,1.9011,176269,652463,76941,0.2702,225440,427023,1.894,64,0,0,1
FIR,2019,0,0.2051,0.2900,0.8600,327863,450217,92324,0.7282,318405,131812,0.414,76,0,0,1
FIR,2020,1,0.0879,0.1323,-0.4627,176157,549608,48324,0.3205,365373,183062,0.501,36,0,0,1
FIR,2021,1,0.0627,0.0981,0.1150,196415,633469,39745,0.3101,405219,228250,0.563,29,0,0,1
FIR,2022,0,0.0880,0.1586,0.9577,384512,1302864,114590,0.2951,722336,580527,0.804,36,0,0,1
FIR,2023,0,0.0136,0.0257,-0.5602,169125,1402922,19087,0.1206,741423,661499,0.892,30,0,0,1
FIR,2024,0,0.0005,0.0008,-0.2670,123962,1339408,611,0.0925,742033,597375,0.805,29,0,0,1
FIR,2025,0,0.0016,0.0026,-0.1266,108263,1236558,1968,0.0876,744000,492557,0.662,29,0,0,1
HAR,2014,0,,,,101806,,,,,,,56,0,2,1
HAR,2015,0,0.0116,0.0124,-0.4408,56928,1066258,12335,0.0534,996908,69351,0.070,76,0,2,1
HAR,2016,0,0.0147,0.0175,0.3954,79438,1207246,17751,0.0658,1014268,192977,0.190,67,0,2,1
HAR,2017,0,0.0211,0.0270,-0.2833,56936,1359253,28745,0.0419,1065861,293392,0.275,67,0,2,1
HAR,2018,0,0.0096,0.0108,2.2815,186834,1180127,11315,0.1583,1050066,130061,0.124,67,0,2,1
HAR,2019,0,0.0059,0.0064,-0.1263,163228,1136767,6686,0.1436,1049470,87297,0.083,50,0,2,1
HAR,2020,1,0.0016,0.0019,-0.0234,159409,1260544,1984,0.1265,1034780,225765,0.218,29,0,2,1
HAR,2021,1,0.0284,0.0333,-0.7322,42697,1253935,35576,0.0341,1069636,184299,0.172,29,0,2,1
HAR,2022,0,-0.0391,-0.0425,2.3951,144961,1120633,-43792,0.1294,1031298,89335,0.087,7,0,2,1
HAR,2023,0,0.0335,0.0337,-0.8740,18272,1071589,35939,0.0171,1066874,4715,0.004,7,0,2,1
HAR,2024,0,0.0091,0.0092,-0.0250,17815,1079949,9857,0.0165,1076538,3411,0.003,6,0,2,1
HAR,2025,0,0.0156,0.0157,-0.0718,16535,1096763,17152,0.0151,1093432,3331,0.003,7,0,2,1
HDC,2014,0,,,,392025,,,,,,,164,0,0,1
HDC,2015,0,0.0406,0.0766,0.0804,423552,1197205,48610,0.3538,634389,562816,0.887,151,0,0,1
HDC,2016,0,0.0417,0.0888,0.1306,478861,1424146,59342,0.3362,667972,756175,1.132,143,0,0,1
HDC,2017,0,0.0540,0.1132,-0.1435,410121,1501815,81066,0.2731,716022,785794,1.097,,0,0,1
HDC,2018,0,0.0647,0.1320,0.7440,715260,1638446,105973,0.4365,802792,835654,1.041,100,0,0,1
HDC,2019,0,0.0593,0.1261,0.1528,824544,2463325,146005,0.3347,1157577,1305748,1.128,94,0,0,1
HDC,2020,1,0.0694,0.2025,0.0175,838973,3332284,231281,0.2518,1142139,2190145,1.918,98,0,0,1
HDC,2021,1,0.0824,0.2097,0.6119,1352323,3776882,311249,0.3581,1483977,2292905,1.545,105,0,0,1
HDC,2022,0,0.0951,0.2257,-0.0401,1298031,4421841,420619,0.2935,1863772,2558069,1.373,108,0,0,1
HDC,2023,0,0.0281,0.0692,-0.4873,665457,4698875,131972,0.1416,1908013,2790862,1.463,107,0,0,1
HDC,2024,0,0.0137,0.0294,-0.1792,546228,4877377,66905,0.1120,2272109,2605268,1.147,110,0,0,1
HDC,2025,0,0.1054,0.2183,-0.1643,456498,6082167,641228,0.0751,2936750,3145417,1.071,115,0,0,1
HQC,2014,0,,,,328397,,,,,,,270,0,0,1
HQC,2015,0,0.1005,0.1603,3.2315,1389613,6379502,641188,0.2178,4001114,2378387,0.594,405,0,0,1
HQC,2016,0,0.0029,0.0048,-0.2663,1019531,6860286,19619,0.1486,4047391,2812895,0.695,333,0,0,1
HQC,2017,0,0.0104,0.0154,-0.6395,367490,6293544,65377,0.0584,4243319,2050226,0.483,412,0,0,1
HQC,2018,0,0.0064,0.0099,0.2748,468492,6594375,42500,0.0710,4285623,2308752,0.539,256,0,0,1
HQC,2019,0,0.0062,0.0096,0.4008,656273,6713432,41499,0.0978,4326994,2386438,0.552,194,0,0,1
HQC,2020,1,0.0014,0.0022,-0.1801,538091,6970182,9596,0.0772,4336465,2633716,0.607,161,0,0,1
HQC,2021,1,0.0004,0.0010,-0.4816,278969,9326769,4155,0.0299,4340592,4986177,1.149,96,0,0,1
HQC,2022,0,0.0026,0.0043,-0.0109,275927,7236860,18808,0.0381,4359388,2877472,0.660,69,0,0,1
HQC,2023,0,0.0007,0.0012,0.0603,292557,7299435,5158,0.0401,4364489,2934946,0.672,63,0,0,1
HQC,2024,0,0.0033,0.0063,-1.2276,-66581,10101967,33748,-0.0066,5393650,4708316,0.873,58,0,0,1
HQC,2025,0,0.0078,0.0129,-2.0434,69471,8972958,70237,0.0077,5463813,3509146,0.642,107,0,0,1
HLD,2014,0,,,,474224,,,,,,,44,0,0,1
HLD,2015,0,0.0696,0.1130,-0.2798,341550,737010,51267,0.4634,453552,28346,0.062,38,0,0,1
HLD,2016,0,0.0745,0.1102,-0.6349,124695,700244,52138,0.1781,472999,22725,0.048,46,0,0,1
HLD,2017,0,0.0694,0.1162,2.0703,382845,833276,57797,0.4594,497277,336,0.001,46,0,0,1
HLD,2018,0,0.0948,0.1799,0.1460,438743,774660,73404,0.5664,408011,36665,0.090,47,0,0,1
HLD,2019,0,0.1040,0.1657,-0.0424,420135,729299,75865,0.5761,457807,27149,0.059,45,0,0,1
HLD,2020,1,0.1212,0.1701,-0.5667,182028,612484,74262,0.2972,436507,17598,0.040,48,0,0,1
HLD,2021,1,0.0265,0.0341,-0.5554,80925,574181,15221,0.1409,446026,12815,0.029,46,0,0,1
HLD,2022,0,0.0080,0.0115,-0.5619,35450,608038,4879,0.0583,422644,18539,0.044,49,0,0,1
HLD,2023,0,0.0056,0.0078,-0.6182,13536,592539,3301,0.0228,424839,1677,0.004,51,0,0,1
HLD,2024,0,0.0019,0.0089,1.1394,28959,2023313,3820,0.0143,427257,1596056,3.736,51,0,0,1
HLD,2025,0,0.0070,0.0280,8.5661,277024,2707811,18970,0.1023,678449,2029362,2.991,58,0,0,1
HPX,2014,0,,,,,,,,,,,,1,0,0
HPX,2015,0,0.0352,0.1465,,1035358,4423844,155737,0.2340,1062800,3361044,3.162,,1,0,0
HPX,2016,0,0.0339,0.1299,0.7461,1807840,4899117,166033,0.3690,1278292,3620825,2.833,,1,0,0
HPX,2017,0,0.0494,0.1557,-0.4023,1080467,6576023,325183,0.1643,2088693,4487330,2.148,,1,0,0
HPX,2018,0,0.0611,0.1768,0.8692,2019624,7398332,452274,0.2730,2558558,4839774,1.892,175,1,0,0
HPX,2019,0,0.0654,0.1493,0.6993,3431937,6829641,446702,0.5025,2992800,3836842,1.282,500,1,0,0
HPX,2020,1,0.0125,0.0255,-0.6126,1329628,7378527,92293,0.1802,3620943,3757584,1.038,96,1,0,0
HPX,2021,1,0.0261,0.0709,0.0657,1417006,9578592,249919,0.1479,3526748,6051843,1.716,104,1,0,0
HPX,2022,0,-0.0064,-0.0185,-0.1458,1210372,9467030,-60410,0.1279,3258048,6009434,1.844,149,1,0,0
HPX,2023,0,0.0153,0.0355,0.3882,1680274,8296949,127349,0.2025,3587767,4709182,1.313,76,1,0,0
HPX,2024,0,0.0075,0.0158,-0.0384,1615672,7701602,57447,0.2098,3633974,4067628,1.119,63,1,0,0
HPX,2025,0,0.0143,0.0341,-0.2927,1142739,8475818,121335,0.1348,3553441,4922376,1.385,68,1,0,0
IDC,2014,0,,,,3956225,,,,,,,,0,1,1
IDC,2015,0,0.0155,0.0688,0.1651,4609292,13110842,203136,0.3516,2952927,10157914,3.440,,0,1,1
IDC,2016,0,0.0310,0.1103,-0.0405,4422688,12517744,388658,0.3533,3524162,8993582,2.552,,0,1,1
IDC,2017,0,0.0075,0.0282,0.1126,4920866,14361473,107117,0.3426,3798481,10562992,2.781,,0,1,1
IDC,2018,0,0.0151,0.0499,-0.1557,4154513,13864800,208765,0.2996,4183561,9681239,2.314,1961,0,1,1
IDC,2019,0,0.0241,0.0814,0.1864,4928746,14315622,344697,0.3443,4232603,10083019,2.382,1483,0,1,1
IDC,2020,1,0.0208,0.0694,-0.0785,4541856,14622957,304426,0.3106,4389202,10233754,2.332,1496,0,1,1
IDC,2021,1,0.0283,0.0904,-0.0530,4301236,16075835,454308,0.2676,5028037,11047799,2.197,1394,0,1,1
IDC,2022,0,0.1039,0.2884,0.7403,7485390,17013411,1767507,0.4400,6127923,10885488,1.776,1156,0,1,1
IDC,2023,0,0.0786,0.2246,-0.0332,7237032,17720446,1393647,0.4084,6204915,11515531,1.856,1118,0,1,1
IDC,2024,0,0.1062,0.2769,0.2224,8846411,18800161,1996055,0.4705,7207648,11592512,1.608,1104,0,1,1
IDC,2025,0,0.0833,0.2338,-0.0292,8588150,23201491,1931791,0.3702,8263031,14938460,1.808,1069,0,1,1
IDJ,2014,0,,,,31436,,,,,,,11,1,0,0
IDJ,2015,0,0.0001,0.0001,-0.5670,13612,277339,41,0.0491,274273,3048,0.011,10,1,0,0
IDJ,2016,0,-0.0229,-0.0237,0.8783,25568,276851,-6329,0.0924,267376,9474,0.035,6,1,0,0
IDJ,2017,0,0.0094,0.0112,10.8044,301816,321328,3017,0.9393,270220,51108,0.189,20,1,0,0
IDJ,2018,0,0.1182,0.1606,-0.1878,245133,437219,51693,0.5607,321840,115378,0.358,20,1,0,0
IDJ,2019,0,0.0210,0.0825,0.5428,378185,1389695,29155,0.2721,353555,1036140,2.931,80,1,0,0
IDJ,2020,1,0.0321,0.1954,0.0860,410721,2455335,78759,0.1673,403088,2052247,5.091,116,1,0,0
IDJ,2021,1,0.0587,0.2052,1.1752,893403,3455629,202807,0.2585,988154,2467476,2.497,136,1,0,0
IDJ,2022,0,0.0312,0.0759,-0.0857,816873,4729214,147495,0.1727,1944309,2784905,1.432,119,1,0,0
IDJ,2023,0,0.0234,0.0533,0.0553,862044,4684044,109395,0.1840,2053718,2630326,1.281,136,1,0,0
IDJ,2024,0,0.0227,0.0456,-0.1676,717532,4210442,95605,0.1704,2097265,2113177,1.008,51,1,0,0
IDJ,2025,0,-0.0313,-0.0523,0.4754,1058640,3330305,-104196,0.3179,1993078,1337227,0.671,48,1,0,0
KBC,2014,0,,,,1069035,,,,,,,161,1,1,0
KBC,2015,0,0.0448,0.0761,0.3422,1434852,13653707,611911,0.1051,8036005,5617702,0.699,159,1,1,0
KBC,2016,0,0.0380,0.0647,0.3747,1972459,14657548,557370,0.1346,8621090,6036458,0.700,163,1,1,0
KBC,2017,0,0.0370,0.0647,-0.3611,1260199,15779768,584522,0.0799,9038107,6741660,0.746,179,1,1,0
KBC,2018,0,0.0441,0.0758,0.9768,2491179,16909732,746155,0.1473,9837358,7072374,0.719,188,1,1,0
KBC,2019,0,0.0559,0.0885,0.2885,3209906,16432990,918362,0.1953,10381131,6051859,0.583,198,1,1,0
KBC,2020,1,0.0094,0.0210,-0.3299,2150963,23785878,224033,0.0904,10652995,13132883,1.233,205,1,1,0
KBC,2021,1,0.0256,0.0484,0.9740,4245982,30603980,782304,0.1387,16171359,14432621,0.892,207,1,1,0
KBC,2022,0,0.0437,0.0855,-0.7762,950266,34906513,1526351,0.0272,17845519,17060994,0.956,210,1,1,0
KBC,2023,0,0.0607,0.1004,4.9125,5618475,33434220,2030699,0.1680,20220873,13213348,0.653,213,1,1,0
KBC,2024,0,0.0085,0.0185,-0.5060,2775773,44729925,381924,0.0621,20644906,24085019,1.167,226,1,1,0
KBC,2025,0,0.0302,0.0787,1.4091,6687126,69581174,2103625,0.0961,26725844,42855330,1.604,225,1,1,0
KDH,2014,0,,,,621079,,,,,,,95,1,0,0
KDH,2015,0,0.0305,0.0622,0.6905,1049940,8541570,260419,0.1229,4185345,4356226,1.041,150,1,0,0
KDH,2016,0,0.0468,0.0845,2.7446,3931643,7936912,371775,0.4954,4397812,3539099,0.805,257,1,0,0
KDH,2017,0,0.0517,0.0811,-0.2230,3054812,9716622,502251,0.3144,6190897,3525725,0.570,305,1,0,0
KDH,2018,0,0.0790,0.1171,-0.0452,2916595,10227895,808078,0.2852,6899499,3328395,0.482,292,1,0,0
KDH,2019,0,0.0691,0.1194,-0.0354,2813353,13237325,915233,0.2125,7664360,5572965,0.727,327,1,0,0
KDH,2020,1,0.0827,0.1413,0.6109,4532069,13934472,1152766,0.3252,8158100,5776372,0.708,322,1,0,0
KDH,2021,1,0.0837,0.1176,-0.1751,3738368,14372699,1202474,0.2601,10221205,4151494,0.406,319,1,0,0
KDH,2022,0,0.0512,0.0935,-0.2211,2911963,21539251,1102954,0.1352,11794533,9744717,0.826,346,1,0,0
KDH,2023,0,0.0270,0.0461,-0.2830,2087771,26480720,715674,0.0788,15522904,10957816,0.706,258,1,0,0
KDH,2024,0,0.0263,0.0417,0.5704,3278584,30757720,810414,0.1066,19453434,11304286,0.581,262,1,0,0
KDH,2025,0,0.0307,0.0564,0.4186,4651105,34074020,1045471,0.1365,18522858,12909740,0.697,252,1,0,0
KHG,2014,0,,,,,,,,,,,,1,3,0
KHG,2015,0,,,,,,,,,,,,1,3,0
KHG,2016,0,,,,,,,,,,,,1,3,0
KHG,2017,0,,,,,,,,,,,,1,3,0
KHG,2018,0,0.0116,0.0131,,171055,1413807,16433,0.1210,1251213,162594,0.130,,1,3,0
KHG,2019,0,0.0073,0.0081,-0.2011,136650,1399746,10156,0.0976,1261369,138377,0.110,,1,3,0
KHG,2020,1,0.0408,0.0550,1.2171,302970,2370523,96706,0.1278,1758075,612449,0.348,3377,1,3,0
KHG,2021,1,0.0644,0.0880,3.2517,1288142,6420340,413504,0.2006,4697378,1722962,0.367,5311,1,3,0
KHG,2022,0,0.0628,0.0861,0.0839,1396204,7044645,442469,0.1982,5139847,1904798,0.371,5573,1,3,0
KHG,2023,0,0.0040,0.0049,-0.7633,330530,6390734,25361,0.0517,5165208,1225526,0.237,5573,1,3,0
KHG,2024,0,0.0083,0.0105,-0.0626,309842,6591186,54626,0.0470,5219834,1371352,0.263,3895,1,3,0
KHG,2025,0,0.0098,0.0130,0.9407,601302,6994484,68709,0.0860,5289632,1704852,0.322,5268,1,3,0
IJC,2014,0,,,,1035575,,,,,,,,0,1,1
IJC,2015,0,0.0658,0.0412,-0.3374,686153,1855131,122021,0.3699,2958255,4372455,1.478,267,0,1,1
IJC,2016,0,0.0784,0.0431,1.8719,1970555,1631608,127982,1.2077,2968262,6166428,2.077,268,0,1,1
IJC,2017,0,0.0984,0.1119,-0.5071,971243,1887910,185825,0.5145,1661239,6370528,3.835,264,0,1,1
IJC,2018,0,0.1252,0.1342,0.2827,1245788,1860809,232986,0.6695,1736711,6401485,3.686,262,0,1,1
IJC,2019,0,0.1611,0.1552,0.2842,1599816,1765326,284442,0.9062,1832346,5714983,3.119,81,0,1,1
IJC,2020,1,0.1921,0.1787,0.3385,2141296,1925609,369903,1.1120,2070241,4571522,2.208,78,0,1,1
IJC,2021,1,0.3105,0.1857,0.2150,2601723,2000533,621100,1.3005,3343797,3464858,1.036,242,0,1,1
IJC,2022,0,0.2416,0.1339,-0.2435,1968123,2115213,511049,0.9305,3816239,2707173,0.709,222,0,1,1
IJC,2023,0,0.1484,0.1033,-0.2407,1494344,2660985,394853,0.5616,3823587,2580168,0.675,216,0,1,1
IJC,2024,0,0.1059,0.0687,-0.3173,1020259,3344949,354138,0.3050,5151436,2691234,0.522,200,0,1,1
IJC,2025,0,0.1384,0.0741,0.5747,1606576,4316152,597354,0.3722,8064309,2268499,0.281,734,0,1,1
KSF,2014,0,,,,,,,,,,,,0,0,1
KSF,2015,0,,,,,,,,,,,,0,0,1
KSF,2016,0,,,,,,,,,,,,0,0,1
KSF,2017,0,,,,,,,,,,,,0,0,1
KSF,2018,0,-0.0027,-0.0055,,1916314,5090234,-13708,0.3765,2485604,2604630,1.048,,0,0,1
KSF,2019,0,0.0449,0.0817,-0.2439,1448982,4928223,221187,0.2940,2706791,2221431,0.821,,0,0,1
KSF,2020,1,0.0180,0.1072,-0.1432,1241490,11185533,201705,0.1110,1882142,9303391,4.943,,0,0,1
KSF,2021,1,0.0358,0.0589,-0.0233,1212592,10278663,367720,0.1180,6245504,4033159,0.646,579,0,0,1
KSF,2022,0,0.0291,0.0543,-0.5426,554619,12601063,367109,0.0440,6762360,5838702,0.863,100,0,0,1
KSF,2023,0,0.0076,0.0191,3.4526,2469469,18245785,138888,0.1353,7279115,10966670,1.507,80,0,0,1
KSF,2024,0,0.0330,0.0987,0.0000,2469469,20558337,679170,0.1201,6879244,13679093,1.988,63,0,0,1
KSF,2025,0,0.0708,0.4280,7.1792,20198173,120143673,8502086,0.1681,19863271,100280401,5.049,157,0,0,1
LDG,2014,0,,,,89116,,,,,,,122,1,0,0
LDG,2015,0,0.0667,0.1540,4.8335,519862,2314636,154319,0.2246,1002117,1312520,1.310,302,1,0,0
LDG,2016,0,0.0566,0.1345,-0.0448,496560,2805536,158740,0.1770,1180200,1625336,1.377,181,1,0,0
LDG,2017,0,0.0776,0.1412,0.3358,663317,3645523,282894,0.1820,2004008,1641515,0.819,337,1,0,0
LDG,2018,0,0.1239,0.2347,1.5914,1718949,4869110,603154,0.3530,2570233,2298877,0.894,255,1,0,0
LDG,2019,0,0.1031,0.1932,-0.5436,784580,5848491,603229,0.1342,3123026,2725465,0.873,257,1,0,0
LDG,2020,1,0.0023,0.0042,0.7697,1388440,5531704,12910,0.2510,3104404,2427300,0.782,245,1,0,0
LDG,2021,1,0.0206,0.0434,-0.7686,321282,6841069,140653,0.0470,3243923,3597146,1.109,181,1,0,0
LDG,2022,0,0.0005,0.0013,-0.3987,193172,7860785,4243,0.0246,3241936,4618849,1.425,179,1,0,0
LDG,2023,0,-0.0726,-0.1942,-1.1890,-36509,7265457,-527174,-0.0050,2713917,4551540,1.677,98,1,0,0
LDG,2024,0,-0.2446,-1.2433,3.7449,-173233,6157209,-1505752,-0.0281,1211097,4946112,4.084,60,1,0,0
LDG,2025,0,0.0115,0.0711,-3.3265,403021,8040290,92726,0.0501,1303824,6736466,5.167,56,1,0,0
LSG,2014,0,,,,12063,,,,,,,38,1,0,0
LSG,2015,0,0.0186,0.0210,-0.1209,10605,1039732,19356,0.0102,919917,119816,0.130,36,1,0,0
LSG,2016,0,0.0181,0.0597,20.9526,232807,3177548,57439,0.0733,961644,2215903,2.304,37,1,0,0
LSG,2017,0,0.0008,0.0034,-0.8390,37475,4024014,3260,0.0093,962997,3061017,3.179,34,1,0,0
LSG,2018,0,0.0005,0.0022,0.2148,45526,3916656,2121,0.0116,962718,2953938,3.068,33,1,0,0
LSG,2019,0,0.0085,0.0289,,0,3369124,28534,0.0000,988852,2380272,2.407,32,1,0,0
LSG,2020,1,0.0092,0.0391,,0,4361742,40152,0.0000,1026604,3335138,3.249,32,1,0,0
LSG,2021,1,0.0040,0.0113,,0,2900075,11711,0.0000,1035915,1864160,1.800,30,1,0,0
LSG,2022,0,0.0201,0.0446,,0,2302832,46175,0.0000,1036115,1266717,1.223,28,1,0,0
LSG,2023,0,0.0026,0.0057,,950,2328589,5981,0.0004,1041196,1287394,1.236,24,1,0,0
LSG,2024,0,0.0012,0.0026,2.6053,3425,2355418,2732,0.0015,1043028,1312391,1.258,25,1,0,0
LSG,2025,0,0.0095,0.0188,12.4485,46061,2153703,20505,0.0214,1090175,1063528,0.976,25,1,0,0
NDN,2014,,0.0000,,,235077,,,,,,,48,1,1,0
NDN,2015,0,0.1176,0.1450,0.0300,242135,499712,58776,0.4845,405457,94255,0.232,41,1,1,0
NDN,2016,0,0.0660,0.0858,0.1639,281812,663155,43789,0.4250,510317,152838,0.299,43,1,1,0
NDN,2017,0,0.1129,0.1562,-0.1903,228189,775451,87539,0.2943,560251,215200,0.384,45,1,1,0
NDN,2018,0,0.0517,0.1539,-0.2490,171375,1701144,88023,0.1007,572089,1129055,1.974,45,1,1,0
NDN,2019,0,0.0313,0.1021,-0.7571,41620,2186561,68446,0.0190,670539,1516023,2.261,45,1,1,0
NDN,2020,1,0.1493,0.3337,20.0012,874068,2204327,329174,0.3965,986558,1217769,1.234,32,1,1,0
NDN,2021,1,0.1534,0.2367,-0.4172,509429,1641851,251788,0.3103,1063908,577943,0.543,30,1,1,0
NDN,2022,0,-0.0955,-0.1594,-0.9933,3424,1497218,-142961,0.0023,896654,600564,0.670,18,1,1,0
NDN,2023,0,0.1646,0.2072,126.2655,435757,1325203,218146,0.3288,1052745,272458,0.259,20,1,1,0
NDN,2024,0,0.0283,0.0332,-0.8724,55617,1277801,36176,0.0435,1088771,189031,0.174,24,1,1,0
NDN,2025,0,0.1307,0.1374,-0.5224,26564,1300950,170082,0.0204,1237886,63064,0.051,25,1,1,0
NLG,2014,0,,,,866929,,,,,,,489,1,0,0
NLG,2015,0,0.0415,0.0860,0.4517,1258544,5022018,208589,0.2506,2426495,2595523,1.070,510,1,0,0
NLG,2016,0,0.0624,0.1231,1.0133,2533799,6208809,387570,0.4081,3147274,3061536,0.973,487,1,0,0
NLG,2017,0,0.0956,0.2031,0.2477,3161312,7905948,756165,0.3999,3722748,4183199,1.124,168,1,0,0
NLG,2018,0,0.0927,0.1929,0.1007,3479608,9574400,887193,0.3634,4600315,4289895,0.933,188,1,0,0
NLG,2019,0,0.0924,0.1625,-0.2683,2546101,10904394,1007273,0.2335,6199933,4704461,0.759,626,1,0,0
NLG,2020,1,0.0623,0.1265,-0.1294,2216719,13642706,850327,0.1625,6720338,6922368,1.030,739,1,0,0
NLG,2021,1,0.0626,0.1093,1.3483,5205519,23617638,1477959,0.2204,13527665,10089972,0.746,774,1,0,0
NLG,2022,0,0.0320,0.0650,-0.1665,4338841,27084709,865546,0.1602,13315130,13769579,1.034,864,1,0,0
NLG,2023,0,0.0280,0.0592,-0.2668,3181422,28611223,800477,0.1112,13532755,15078468,1.114,834,1,0,0
NLG,2024,0,0.0458,0.0952,1.2619,7196050,30318114,1387389,0.2374,14568926,15749188,1.081,814,1,0,0
NLG,2025,0,0.0356,0.0638,-0.2155,5645087,26564516,946309,0.2125,14824244,11740272,0.792,980,1,0,0
NRC,2014,0,,,,,,,,,,,,0,3,1
NRC,2015,0,,,,,,,,,,,,0,3,1
NRC,2016,0,0.0582,0.0590,,2379,32468,1889,0.0733,31997,471,0.015,,0,3,1
NRC,2017,0,0.1243,0.2058,36.8798,90116,260060,32329,0.3465,157112,102948,0.655,21,0,3,1
NRC,2018,0,0.1399,0.3433,0.9613,176745,502612,70335,0.3517,204876,297736,1.453,204,0,3,1
NRC,2019,0,0.1012,0.2058,2.0137,532656,855842,86599,0.6224,420742,4351,0.010,546,0,3,1
NRC,2020,1,0.0808,0.1301,-0.6109,207249,768639,62127,0.2696,477489,29115,0.061,449,0,3,1
NRC,2021,1,0.0977,0.1709,1.1425,444037,2022856,197610,0.2195,1155974,867139,0.750,263,0,3,1
NRC,2022,0,-0.0318,-0.0566,-0.5625,194245,2276809,-72513,0.0853,1282005,994805,0.776,138,0,3,1
NRC,2023,0,0.0057,0.0092,-0.9762,4629,2083205,11929,0.0022,1293904,789301,0.610,70,0,3,1
NRC,2024,0,-0.0711,-0.1187,0.1123,5149,1929368,-137237,0.0027,1155974,773394,0.669,67,0,3,1
NRC,2025,0,0.0045,0.0076,16.7914,91608,1970303,8818,0.0465,1167502,8028,0.007,56,0,3,1
NTL,2014,0,,,,228313,,,,,,,97,1,0,0
NTL,2015,0,0.0735,0.1053,1.0728,473237,1277582,93953,0.3704,892604,384979,0.431,93,1,0,0
NTL,2016,0,0.0543,0.0778,-0.0843,433359,1376714,74756,0.3148,961381,415333,0.432,102,1,0,0
NTL,2017,0,0.0581,0.0957,-0.3039,301646,1597602,92760,0.1888,968998,628604,0.649,114,1,0,0
NTL,2018,0,0.0602,0.1018,1.3674,714124,1680048,101166,0.4251,993984,686064,0.690,119,1,0,0
NTL,2019,0,0.1440,0.2189,0.1694,835098,1623395,233809,0.5144,1068195,555200,0.520,107,1,0,0
NTL,2020,1,0.1632,0.2537,-0.2182,652853,1809935,295405,0.3607,1164263,645672,0.555,104,1,0,0
NTL,2021,1,0.1268,0.1936,-0.1166,576724,1876989,237956,0.3073,1229067,647922,0.527,101,1,0,0
NTL,2022,0,0.0632,0.0847,-0.3216,391277,1685280,106500,0.2322,1257920,427360,0.340,103,1,0,0
NTL,2023,0,0.1789,0.2491,1.3360,914024,2035335,364190,0.4491,1462180,573154,0.392,103,1,0,0
NTL,2024,0,0.2847,0.3527,0.5769,1441314,2178125,620095,0.6617,1757931,420194,0.239,96,1,0,0
NTL,2025,0,0.0092,0.0108,-0.9878,17517,1884355,17428,0.0093,1609980,274375,0.170,97,1,0,0
NVL,2014,0,,,,2801811,,,,,,,1028,1,0,0
NVL,2015,0,0.0156,0.0682,1.3818,6673435,26570409,415423,0.2512,6095209,20475199,3.359,1991,1,0,0
NVL,2016,0,0.0456,0.1657,0.1028,7359181,36527076,1665078,0.2015,10046890,26480186,2.636,2210,1,0,0
NVL,2017,0,0.0411,0.1534,0.5807,11632336,49466962,2033482,0.2352,13256391,36210571,2.732,1581,1,0,0
NVL,2018,0,0.0462,0.1577,0.3145,15290394,69912213,3227005,0.2187,20460126,49452087,2.417,2193,1,0,0
NVL,2019,0,0.0381,0.1403,-0.2851,10930983,89979243,3431331,0.1215,24461074,65518169,2.678,2247,1,0,0
NVL,2020,1,0.0271,0.1227,-0.5402,5026358,144536346,3919072,0.0348,31932147,112604198,3.526,2248,1,0,0
NVL,2021,1,0.0160,0.0783,1.9649,14902760,201833547,3224687,0.0738,41173113,160660434,3.902,1765,1,0,0
NVL,2022,0,0.0084,0.0482,-0.2529,11134230,257734876,2162071,0.0432,44817730,212917146,4.751,1404,1,0,0
NVL,2023,0,0.0025,0.0134,-0.5728,4756902,241486380,605578,0.0197,45302850,196183530,4.330,1091,1,0,0
NVL,2024,0,-0.0271,-0.1365,0.9074,9073375,237777981,-6454780,0.0382,47291024,190486956,4.028,1093,1,0,0
NVL,2025,0,0.0074,0.0316,-0.2323,6965748,249907849,1861408,0.0279,58892990,191014858,3.243,1219,1,0,0
NVT,2014,0,,,,210546,,,,,,,,0,2,1
NVT,2015,0,-0.0973,-0.1486,-0.5437,96077,1311785,-127655,0.0732,859173,452612,0.527,,0,2,1
NVT,2016,0,0.0018,0.0028,0.9856,190768,1319201,2412,0.1446,867409,451792,0.521,400,0,2,1
NVT,2017,0,-0.8965,-1.2371,0.2188,232503,534787,-479438,0.4348,387565,147221,0.380,391,0,2,1
NVT,2018,0,0.0037,0.0050,0.1588,269418,515931,1897,0.5222,382952,132979,0.347,371,0,2,1
NVT,2019,0,0.0429,0.0645,0.0312,277816,624567,26769,0.4448,414863,209703,0.505,388,0,2,1
NVT,2020,1,0.0111,0.0147,-0.2403,211058,535431,5949,0.3942,404663,130768,0.323,400,0,2,1
NVT,2021,1,-0.0460,-0.0921,-0.3998,126670,1085843,-49964,0.1167,542531,543312,1.001,450,0,2,1
NVT,2022,0,-0.0117,-0.0242,1.6629,337305,1099240,-12904,0.3069,532842,566398,1.063,506,0,2,1
NVT,2023,0,0.0052,0.0104,0.1179,377060,1078635,5608,0.3496,538325,540309,1.004,526,0,2,1
NVT,2024,0,-0.0091,-0.0184,0.0892,410702,1071502,"-9,740",0.3833,529541,541961,1.023,510,0,2,1
NVT,2025,0,0.0162,0.0316,0.1378,467282,1081803,17522,0.4319,554748,527056,0.950,513,0,2,1
PDR,2014,0,,,,415282,,,,,,,,1,0,0
PDR,2015,0,0.0207,0.0686,-0.0307,402514,7540835,155728,0.0534,2270832,5270003,2.321,147,1,0,0
PDR,2016,0,0.0269,0.1009,2.7183,1496666,9002350,242520,0.1663,2403797,6598553,2.745,133,1,0,0
PDR,2017,0,0.0442,0.1556,-0.1136,1326626,9948855,439880,0.1333,2826881,7121974,2.519,165,1,0,0
PDR,2018,0,0.0582,0.1832,0.6189,2147709,11057426,643317,0.1942,3511626,7545800,2.149,190,1,0,0
PDR,2019,0,0.0626,0.2001,0.5832,3400186,13961379,874139,0.2435,4368929,9592451,2.196,169,1,0,0
PDR,2020,1,0.0781,0.2349,0.1503,3911212,15617490,1220117,0.2504,5194277,10423212,2.007,267,1,0,0
PDR,2021,1,0.0907,0.2290,-0.0744,3620224,20551879,1865004,0.1762,8144511,12407368,1.523,320,1,0,0
PDR,2022,0,0.0498,0.1228,-0.5844,1504575,22843296,1137263,0.0659,9260530,13582766,1.467,350,1,0,0
PDR,2023,0,0.0325,0.0714,-0.5896,617515,21067823,684059,0.0293,9579392,11488431,1.199,257,1,0,0
PDR,2024,0,0.0065,0.0140,0.3306,821691,23985552,155088,0.0343,11058509,12927043,1.169,286,1,0,0
PDR,2025,0,0.0189,0.0415,0.6125,1324975,27270247,515070,0.0486,12423939,14846308,1.195,235,1,0,0
PWA,2014,0,,,,,,,,,,,,1,3,0
PWA,2015,0,,,,,,,,,,,,1,3,0
PWA,2016,0,,,,,,,,,,,,1,3,0
PWA,2017,0,0.0020,0.0105,,21726,556515,1097,0.0390,104858,451656,4.307,,1,3,0
PWA,2018,0,0.0307,0.1958,2.9583,85999,697787,21446,0.1232,109537,58825,0.537,,1,3,0
PWA,2019,0,0.0805,0.3542,3.8661,418483,535852,43114,0.7810,121718,414133,3.402,26,1,3,0
PWA,2020,1,0.1051,0.2816,-0.2948,295115,335364,35261,0.8800,125206,210159,1.679,28,1,3,0
PWA,2021,1,-0.1403,-0.4497,-0.9404,17588,280915,-39403,0.0626,87621,193294,2.206,28,1,3,0
PWA,2022,0,-0.0328,-0.1052,-0.1458,15023,256241,-8398,0.0586,79796,176445,2.211,27,1,3,0
PWA,2023,0,-0.0216,-0.0605,0.2829,19273,211560,-4562,0.0911,75451,136109,1.804,23,1,3,0
PWA,2024,0,-0.0104,-0.0290,-0.4239,11103,202947,-2114,0.0547,73003,129944,1.780,18,1,3,0
PWA,2025,0,0.0431,0.1118,1.2595,25087,199404,8596,0.1258,76859,122544,1.594,18,1,3,0
SGR,2014,0,,,,100633,,,,,,,92,0,3,1
SGR,2015,0,0.0220,0.0917,0.2748,128288,900499,19815,0.1425,216011,684488,3.169,97,0,3,1
SGR,2016,0,0.1735,0.5604,7.4122,1079179,1574514,273135,0.6854,487352,1087162,2.231,103,0,3,1
SGR,2017,0,0.0901,0.2417,-0.5063,532786,1549509,139653,0.3438,577681,971828,1.682,170,0,3,1
SGR,2018,0,0.0641,0.1884,-0.2935,376436,1966352,126116,0.1914,669512,1296841,1.937,183,0,3,1
SGR,2019,0,0.0425,0.1285,-0.6777,121323,2094544,89051,0.0579,693079,1401464,2.022,249,0,3,1
SGR,2020,1,0.0521,0.1366,-0.3682,76647,1956899,101865,0.0392,745741,1211158,1.624,222,0,3,1
SGR,2021,1,0.0174,0.0499,1.2546,172807,1998571,34816,0.0865,697602,1300969,1.865,195,0,3,1
SGR,2022,0,0.1077,0.2447,2.7871,654438,1999085,215379,0.3274,880018,1119067,1.272,218,0,3,1
SGR,2023,0,0.0498,0.1111,-0.8485,99165,2047846,102017,0.0484,918276,1129569,1.230,222,0,3,1
SGR,2024,0,0.0263,0.0608,0.5274,151466,2252296,59228,0.0672,974768,1277528,1.311,227,0,3,1
SGR,2025,0,0.0286,0.0546,0.4434,218631,2736864,78255,0.0799,1433652,1303212,0.909,207,0,3,1
SIP,2014,0,,,,,,,,,,,,0,1,1
SIP,2015,0,0.0188,0.0876,,977817,4090322,77063,0.2391,879599,3210723,3.650,,0,1,1
SIP,2016,0,0.0283,0.1485,0.8477,1806687,5111198,144538,0.3535,973494,4137704,4.250,,0,1,1
SIP,2017,0,0.0289,0.1754,0.4222,2569512,6485783,187440,0.3962,1068535,5417248,5.070,142,0,1,1
SIP,2018,0,0.0204,0.1603,0.2607,3239457,10738929,218576,0.3017,1363929,9375000,6.874,179,0,1,1
SIP,2019,0,0.0442,0.3136,0.3397,4339741,13465969,594962,0.3223,1897367,11568603,6.097,182,0,1,1
SIP,2020,1,0.0614,0.3692,0.1712,5082583,16700343,1025695,0.3043,2777912,13922431,5.012,242,0,1,1
SIP,2021,1,0.0469,0.2533,0.0974,5577559,17817257,835406,0.3130,3297878,14519379,4.403,230,0,1,1
SIP,2022,0,0.0514,0.2669,0.0819,6034523,19003422,977156,0.3175,3660833,15342589,4.191,457,0,1,1
SIP,2023,0,0.0440,0.2301,0.1064,6676517,21060427,926897,0.3170,4028051,17032377,4.228,496,0,1,1
SIP,2024,0,0.0467,0.2404,0.1684,7801157,25052881,1170163,0.3114,4867821,20185059,4.147,503,0,1,1
SIP,2025,0,0.0461,0.2275,0.1019,8596226,28670188,1322872,0.2998,5813983,22856204,3.931,512,0,1,1
SJS,2014,0,,,,1226062,,,,,,,525,0,0,1
SJS,2015,0,0.0393,0.1131,-0.3023,855452,5734361,225105,0.1492,1990459,3743902,1.881,480,0,0,1
SJS,2016,0,0.0300,0.0847,-0.3988,514269,5969111,178993,0.0862,2112258,3856853,1.826,513,0,0,1
SJS,2017,0,0.0209,0.0577,-1.0392,-20166,6284643,131256,-0.0032,2275437,4009206,1.762,514,0,0,1
SJS,2018,0,0.0170,0.0487,-24.1614,467073,6451992,109587,0.0724,2251956,4200035,1.865,354,0,0,1
SJS,2019,0,0.0158,0.0469,0.4900,695959,6652903,104849,0.1046,2235291,4417612,1.976,423,0,0,1
SJS,2020,1,0.0043,0.0142,0.6321,1135902,7047540,30565,0.1612,2153376,4894165,2.273,435,0,0,1
SJS,2021,1,0.0093,0.0295,-0.3423,747036,6946047,64778,0.1075,2198791,4747257,2.159,393,0,0,1
SJS,2022,0,0.0177,0.0465,-0.4916,379811,6779528,119686,0.0560,2575443,4204085,1.632,360,0,0,1
SJS,2023,0,0.0248,0.0671,0.0953,416024,7473979,185337,0.0557,2761587,4712392,1.706,305,0,0,1
SJS,2024,0,0.0342,0.0897,0.5528,646015,7844263,268508,0.0824,2993878,4850385,1.620,271,0,0,1
SJS,2025,0,0.0459,0.1049,0.1621,750726,7880010,361321,0.0953,3445351,4434659,1.287,267,0,0,1
SSH,2014,0,,,,,,,,,,,,0,0,1
SSH,2015,0,,,,,,,,,,,,0,0,1
SSH,2016,0,,,,,,,,,,,,0,0,1
SSH,2017,0,,,,,,,,,,,,0,0,1
SSH,2018,0,,,,,,,,,,,,0,0,1
SSH,2019,0,0.0770,0.1524,,1573852,5800799,446685,0.2713,2931631,2869167,0.979,,0,0,1
SSH,2020,1,0.0193,0.0761,-0.0420,1507695,10013226,192928,0.1506,2535602,7477624,2.949,220,0,0,1
SSH,2021,1,0.0306,0.1151,-0.1028,1352700,9753181,298308,0.1387,2591340,7161841,2.764,217,0,0,1
SSH,2022,0,0.0161,0.0590,-0.3655,858295,19326948,310824,0.0444,5270660,14056289,2.667,179,0,0,1
SSH,2023,0,0.0880,0.1988,2.3802,2901240,13200835,1161235,0.2198,5840447,7360388,1.260,150,0,0,1
SSH,2024,0,0.0559,0.1234,0.0113,2933923,14394873,804353,0.2038,6519554,7875319,1.208,163,0,0,1
SSH,2025,0,-0.0329,-0.0654,-0.7965,597089,12139247,-399286,0.0492,6107750,6031497,0.988,167,0,0,1
SZC,2014,0,,,,239856,,,,,,,137,0,1,1
SZC,2015,0,0.0292,0.0565,-0.3522,155385,2131521,62320,0.0729,1103312,1028209,0.932,186,0,1,1
SZC,2016,0,0.0242,0.0405,-0.3477,101363,1820810,44140,0.0557,1089720,731090,0.671,169,0,1,1
SZC,2017,0,0.0330,0.0650,1.1672,219670,2201412,72703,0.0998,1118180,1083232,0.969,170,0,1,1
SZC,2018,0,0.0377,0.0842,0.3212,290230,2581010,97352,0.1124,1156406,1424604,1.232,175,0,1,1
SZC,2019,0,0.0434,0.1122,0.1350,329422,3089826,134129,0.1066,1195935,1893892,1.584,185,0,1,1
SZC,2020,1,0.0421,0.1471,0.3144,432981,4417746,186001,0.0980,1264237,3153509,2.494,193,0,1,1
SZC,2021,1,0.0576,0.2208,0.6472,713222,5616375,323629,0.1270,1465585,4150790,2.832,151,0,1,1
SZC,2022,0,0.0312,0.1286,0.2042,858889,6334996,197367,0.1356,1534252,4800744,3.129,270,0,1,1
SZC,2023,0,0.0314,0.1260,-0.0477,817946,6961129,218873,0.1175,1737315,5223813,3.007,259,0,1,1
SZC,2024,0,0.0367,0.0973,0.0645,870683,8225800,302127,0.1058,3105551,5120249,1.649,263,0,1,1
SZC,2025,0,0.0422,0.1077,0.2610,1097946,8171471,344801,0.1344,3202889,4968583,1.551,262,0,1,1
TDH,2014,0,,,,568264,,,,,,,101,1,0,0
TDH,2015,0,0.0182,0.0332,0.5528,882376,2529328,45937,0.3489,1383578,1145750,0.828,106,1,0,0
TDH,2016,0,0.0387,0.0612,0.2016,1060296,2800625,108294,0.3786,1770950,1029674,0.581,108,1,0,0
TDH,2017,0,0.0455,0.0712,0.7354,1840018,2873316,130685,0.6404,1835349,1037967,0.566,103,1,0,0
TDH,2018,0,0.0253,0.0466,0.3044,2400065,4561541,115425,0.5262,2476278,2085262,0.842,103,1,0,0
TDH,2019,0,0.0261,0.0544,0.6372,3929434,5327383,139303,0.7376,2559707,2767676,1.081,107,1,0,0
TDH,2020,1,-0.0652,-0.1624,-0.5009,1961050,5570559,-363426,0.3520,2237199,3333361,1.490,103,1,0,0
TDH,2021,1,-0.5114,-1.5176,-0.7516,487215,1842123,-942055,0.2645,620773,1221350,1.967,103,1,0,0
TDH,2022,0,0.0035,0.0112,-0.6454,172747,1418433,4935,0.1218,438677,979756,2.233,34,1,0,0
TDH,2023,0,-0.0468,-0.1662,-0.3028,120442,1333502,-62436,0.0903,375683,957819,2.550,23,1,0,0
TDH,2024,0,-0.4444,-4.3228,-0.5932,48997,685690,-304690,0.0715,70485,615206,8.728,24,1,0,0
TDH,2025,0,0.1582,0.5982,1.5059,122781,685441,108446,0.1791,181291,504150,2.781,22,1,0,0
ITA,2014,0,,,,343560,,,,,,,663,0,1,1
ITA,2015,0,0.0107,0.0147,1.1574,741187,12740690,136187,0.0582,9277213,3463477,0.373,638,0,1,1
ITA,2016,0,0.0030,0.0037,-0.6718,243253,12916990,38236,0.0188,10295895,2621096,0.255,592,0,1,1
ITA,2017,0,0.0063,0.0079,1.7732,674584,12921231,81191,0.0522,10304164,2617067,0.254,450,0,1,1
ITA,2018,0,0.0024,0.0031,-0.2751,489028,13085679,31787,0.0374,10386957,2698722,0.260,500,0,1,1
ITA,2019,0,0.0153,0.0192,1.6717,1306559,13300573,202907,0.0982,10593275,2707298,0.256,784,0,1,1
ITA,2020,1,0.0131,0.0164,-0.5034,648799,13497100,176194,0.0481,10772430,2724670,0.253,987,0,1,1
ITA,2021,1,0.0197,0.0237,0.4370,932333,13272810,261689,0.0702,11028145,2244666,0.204,868,0,1,1
ITA,2022,0,-0.0213,-0.0258,-2.6573,-1545201,12221417,-260369,-0.1264,10095978,2125439,0.211,890,0,1,1
ITA,2023,0,0.0167,0.0196,-1.3668,566743,12084655,201953,0.0469,10301616,1783040,0.173,879,0,1,1
ITA,2024,0,0.0090,0.0106,-0.3368,375849,12631963,113817,0.0298,10687387,1946725,0.182,141,0,1,1
ITA,2025,0,0.0063,0.0074,-0.1452,321257,12775637,79936,0.0251,10768493,2007144,0.186,141,0,1,1
TIG,2014,0,,,,135987,,,,,,,370,0,3,1
TIG,2015,0,0.1006,0.1216,1.2854,310779,864957,87047,0.3593,715840,149117,0.208,570,0,3,1
TIG,2016,0,0.0464,0.0520,-0.4285,177617,946204,43904,0.1877,844931,101273,0.120,671,0,3,1
TIG,2017,0,0.0522,0.0631,0.0519,186837,1046647,54630,0.1785,865378,181269,0.209,689,0,3,1
TIG,2018,0,0.0525,0.0594,0.3902,259746,1130528,59380,0.2298,999824,130704,0.131,705,0,3,1
TIG,2019,0,0.0774,0.0953,0.1696,303786,1499508,116070,0.2026,1217366,282142,0.232,730,0,3,1
TIG,2020,1,0.0392,0.0558,0.5521,471498,1857035,72831,0.2539,1304415,55262,0.042,693,0,3,1
TIG,2021,1,0.0554,0.0970,0.9222,906313,3518555,194890,0.2576,2008994,1509561,0.751,800,0,3,1
TIG,2022,0,0.0526,0.0909,0.0411,943537,4315723,227222,0.2186,2500450,1815272,0.726,340,0,3,1
TIG,2023,0,0.0536,0.0860,0.3064,1232618,4141564,222119,0.2976,2582760,1558804,0.604,412,0,3,1
TIG,2024,0,0.0433,0.0843,0.2134,1495660,4073402,176551,0.3672,2094752,1978649,0.945,453,0,3,1
TIG,2025,0,0.0182,0.0343,-0.2831,1072169,4079990,74385,0.2628,2170349,1909641,0.880,535,0,3,1
VC3,2014,0,,,,506827,,,,,,,1020,1,0,0
VC3,2015,0,0.0349,0.1773,-0.0588,477037,1232421,42965,0.3871,242305,990116,4.086,969,1,0,0
VC3,2016,0,0.0651,0.2511,0.1677,557042,1157266,75304,0.4813,299950,857316,2.858,298,1,0,0
VC3,2017,0,0.0554,0.1309,-0.0266,542239,785519,43501,0.6903,332441,453078,1.363,521,1,0,0
VC3,2018,0,0.0250,0.0550,-0.4646,290305,843835,21077,0.3440,383562,460272,1.200,168,1,0,0
VC3,2019,0,0.0490,0.1157,0.1368,330006,1025506,50281,0.3218,434479,591027,1.360,174,1,0,0
VC3,2020,1,0.0104,0.0190,-0.6301,122075,1331255,13852,0.0917,727417,603837,0.830,129,1,0,0
VC3,2021,1,0.0403,0.0782,0.6454,200867,1519857,61202,0.1322,782760,737097,0.942,123,1,0,0
VC3,2022,0,0.0198,0.0612,1.5600,514210,3713348,73392,0.1385,1199091,2514258,2.097,99,1,0,0
VC3,2023,0,0.0418,0.1052,0.5681,806322,3368739,140972,0.2394,1340239,2028500,1.514,70,1,0,0
VC3,2024,0,0.0212,0.0466,-0.2418,611368,3086772,65466,0.1981,1405753,1681019,1.196,76,1,0,0
VC3,2025,0,0.0329,0.0671,-0.0060,607677,3030224,99765,0.2005,1487058,1543166,1.038,79,1,0,0
VHM,2014,0,,,,,,,,,,,5553,1,0,0
VHM,2015,0,0.0314,0.1115,,4920363,25306639,795075,0.1944,7128550,18178089,2.550,6083,1,0,0
VHM,2016,0,0.0439,0.1726,1.2798,11217376,37520746,1648549,0.2990,9548942,27971804,2.929,6351,1,0,0
VHM,2017,0,0.0275,0.1392,0.3637,15297312,51303819,1409642,0.2982,10123785,41180034,4.068,6210,1,0,0
VHM,2018,0,0.1193,0.2967,1.5275,38664328,119688756,14284453,0.3230,48144875,71543881,1.486,6252,1,0,0
VHM,2019,0,0.1103,0.3360,0.3353,51626931,197241028,21747376,0.2617,64715043,132525985,2.048,7036,1,0,0
VHM,2020,1,0.1270,0.3069,0.3858,71546737,215326377,27351280,0.3323,89129915,126196462,1.416,7688,1,0,0
VHM,2021,1,0.1684,0.2955,0.1878,84985606,230516471,38824562,0.3687,131407411,99109060,0.754,6890,1,0,0
VHM,2022,0,0.0797,0.1941,-0.2658,62392603,361812647,28830869,0.1724,148521843,213290804,1.436,10962,1,0,0
VHM,2023,0,0.0751,0.1827,0.6598,103556722,444630675,33371407,0.2329,182636305,261994369,1.435,10777,1,0,0
VHM,2024,0,0.0564,0.1441,-0.0119,102323186,564209360,31801258,0.1814,220743975,343465385,1.556,13200,1,0,0
VHM,2025,0,0.0532,0.1681,0.4979,153270923,787857267,41895255,0.1945,249216707,538640560,2.161,11223,1,0,0
VIC,2014,0,,,,27723633,,,,,,,17312,0,0,1
VIC,2015,0,0.0084,0.0324,0.2281,34047966,145494673,1215775,0.2340,37576843,107917829,2.872,29192,0,0,1
VIC,2016,0,0.0135,0.0539,0.6922,57614344,180450850,2439511,0.3193,45266395,135184455,2.986,36100,0,0,1
VIC,2017,0,0.0209,0.0849,0.5508,89350049,213792057,4462412,0.4179,52557010,161235047,3.068,42900,0,0,1
VIC,2018,0,0.0131,0.0381,0.3642,121894400,287974177,3776728,0.4233,99013715,188960462,1.908,65300,0,0,1
VIC,2019,0,0.0187,0.0626,0.0668,130036014,403740754,7545915,0.3221,120588589,283152165,2.348,55100,0,0,1
VIC,2020,1,0.0129,0.0402,-0.1503,110490033,422503767,5464627,0.2615,135852715,286651052,2.110,44100,0,0,1
VIC,2021,1,-0.0059,-0.0158,0.1375,125687870,428384465,-2513883,0.2934,159571866,268812599,1.685,40100,0,0,1
VIC,2022,0,0.0152,0.0647,-0.1901,101793582,577407240,8781861,0.1763,135655449,441751791,3.256,54400,0,0,1
VIC,2023,0,0.0032,0.0146,0.5858,161427568,667655767,2156925,0.2418,148221686,519434081,3.504,53500,0,0,1
VIC,2024,0,0.0142,0.0774,0.1712,189068040,836603903,11903028,0.2260,153834481,682769422,4.438,67300,0,0,1
VIC,2025,0,0.0101,0.0769,0.7551,331837561,1118622625,11349934,0.2966,147566342,967133690,6.554,104253,0,0,1
VNI,2014,0,,,,8874,,,,,,,,0,0,1
VNI,2015,0,-0.0224,-0.0789,-0.3141,6087,278539,-6244,0.0219,79124,19942,0.252,20,0,0,1
VNI,2016,0,-0.0681,-0.2934,0.8753,11415,263634,-17941,0.0433,61139,2025,0.033,16,0,0,1
VNI,2017,0,-0.0325,-0.1856,-0.5245,5428,294403,-9573,0.0184,51571,24283,0.471,16,0,0,1
VNI,2018,0,-0.0093,-0.0681,0.1746,6376,353810,-3299,0.0180,48413,3054,0.063,16,0,0,1
VNI,2019,0,-0.0207,-0.2010,0.4795,9433,391403,-8101,0.0241,40312,35109,0.871,17,0,0,1
VNI,2020,1,0.3446,0.1275,-0.0977,8511,17094,5890,0.4979,46202,36136,0.782,27,0,0,1
VNI,2021,1,0.0024,0.0223,-0.2285,6566,435951,1055,0.0151,47257,38869,0.823,32,0,0,1
VNI,2022,0,0.0010,0.0150,-0.1840,5358,694560,718,0.0077,47975,64658,1.348,36,0,0,1
VNI,2023,0,0.0003,0.0047,-0.0495,5093,846094,226,0.0060,48201,79789,1.655,47,0,0,1
VNI,2024,0,0.1080,0.6083,87.3642,450039,690171,74535,0.6521,122524,56765,0.463,52,0,0,1
VNI,2025,0,-0.0028,-0.0165,-0.6601,152972,718281,-1991,0.2130,120533,59775,0.496,42,0,0,1
VPH,2014,0,,,,279798,,,,,,,102,1,0,0
VPH,2015,0,0.0649,0.1822,-0.0738,259140,1672577,108616,0.1549,596040,1076537,1.806,94,1,0,0
VPH,2016,0,0.0462,0.1240,0.6564,429249,1748113,80846,0.2455,652232,1095881,1.680,97,1,0,0
VPH,2017,0,0.0989,0.1992,2.2197,1382042,1928523,190686,0.7166,957457,971066,1.014,57,1,0,0
VPH,2018,0,0.0706,0.1394,-0.4890,706219,2074245,146515,0.3405,1051384,1022860,0.973,60,1,0,0
VPH,2019,0,0.0168,0.0295,-0.7698,162544,1781620,29898,0.0912,1015048,766572,0.755,37,1,0,0
VPH,2020,1,0.0065,0.0131,0.6526,268627,2090253,13644,0.1285,1039093,1051160,1.012,44,1,0,0
VPH,2021,1,0.0406,0.0779,0.0816,290558,2051055,83208,0.1417,1068476,982579,0.920,47,1,0,0
VPH,2022,0,0.0088,0.0192,-0.4438,161610,2242856,19666,0.0721,1021923,1220933,1.195,73,1,0,0
VPH,2023,0,-0.0004,-0.0008,-0.5474,73143,2366331,-852,0.0309,1020416,1345915,1.319,69,1,0,0
VPH,2024,0,0.0670,0.1185,-0.3519,47404,1931877,129522,0.0245,1092591,839286,0.768,69,1,0,0
VPH,2025,0,-0.0105,-0.0200,1.8404,134648,1956538,-20579,0.0688,1027051,929487,0.905,61,1,0,0
VPI,2014,0,,,,,,,,,,,,1,0,0
VPI,2015,0,-0.0017,-0.0102,,223333,2110483,-3505,0.1058,343903,1766581,5.137,,1,0,0
VPI,2016,0,0.0066,0.0492,2.4572,772104,2693511,17896,0.2867,363505,2330006,6.410,,1,0,0
VPI,2017,0,0.1128,0.2070,0.1338,875449,3737475,421718,0.2342,2036804,1700670,0.835,277,1,0,0
VPI,2018,0,0.0627,0.1716,1.4583,2152086,6722364,421646,0.3201,2457569,4264795,1.735,155,1,0,0
VPI,2019,0,0.0564,0.1881,0.4206,3057265,8972345,506343,0.3407,2691168,6281177,2.334,233,1,0,0
VPI,2020,1,0.0310,0.1017,-0.2919,2164999,9703534,300922,0.2231,2958224,6745309,2.280,216,1,0,0
VPI,2021,1,0.0354,0.1026,0.2058,2610596,9835484,348132,0.2654,3394445,6441039,1.898,243,1,0,0
VPI,2022,0,0.0486,0.1436,-0.1756,2152086,11095990,539690,0.1940,3758707,7337284,1.952,292,1,0,0
VPI,2023,0,0.0396,0.1251,-0.1335,1864842,12530858,496225,0.1488,3966629,8564229,2.159,262,1,0,0
VPI,2024,0,0.0295,0.0647,0.0174,1897331,11138519,328475,0.1703,5074140,6064379,1.195,193,1,0,0
VPI,2025,0,0.0265,0.0714,0.0416,1976352,14727969,390644,0.1342,5474402,9253567,1.690,305,1,0,0
VRE,2014,0,,,,1927488,,,,,,,,1,2,0
VRE,2015,0,0.0304,0.0732,2.0911,5958137,35909784,1089884,0.1659,14884022,21025762,1.413,,1,2,0
VRE,2016,0,0.0710,0.0987,0.0718,6385889,34299150,2436561,0.1862,24683385,9615765,0.390,,1,2,0
VRE,2017,0,0.0532,0.0777,-0.1359,5518240,38133237,2027447,0.1447,26094055,12039182,0.461,348,1,2,0
VRE,2018,0,0.0622,0.0843,0.6534,9123952,38683683,2404386,0.2359,28509281,10174402,0.357,2201,1,2,0
VRE,2019,0,0.0796,0.1058,0.0148,9259257,35838691,2851480,0.2584,26953507,8885184,0.330,3088,1,2,0
VRE,2020,1,0.0598,0.0812,-0.1005,8328918,39816432,2381855,0.2092,29335816,10480616,0.357,3088,1,2,0
VRE,2021,1,0.0347,0.0429,-0.2927,5891141,37873488,1314510,0.1555,30650829,7222659,0.236,2019,1,2,0
VRE,2022,0,0.0650,0.0831,0.2496,7361437,42701088,2776057,0.1724,33424690,9276398,0.278,2190,1,2,0
VRE,2023,0,0.0925,0.1165,0.3301,9791335,47653731,4408600,0.2055,37826850,9826881,0.260,2224,1,2,0
VRE,2024,0,0.0742,0.0977,-0.0870,8939117,55226155,4095780,0.1619,41922641,13303514,0.317,2480,1,2,0
VRE,2025,0,0.1052,0.1333,-0.0114,8837380,61279149,6445924,0.1442,48368203,12910946,0.267,1762,1,2,0
SCR,2014,0,,,,688460,,,,,,,263,1,0,0
SCR,2015,0,0.0397,0.0654,-0.7692,158898,5006752,198987,0.0317,3043186,1963566,0.645,376,1,0,0
SCR,2016,0,0.0231,0.0532,3.8748,774591,7498402,173515,0.1033,3262394,4236008,1.298,514,1,0,0
SCR,2017,0,0.0239,0.0656,1.3559,1824846,9554061,228692,0.1910,3483673,6070388,1.743,577,1,0,0
SCR,2018,0,0.0198,0.0479,0.6049,2928671,10841383,214579,0.2701,4483980,6357403,1.418,518,1,0,0
SCR,2019,0,0.0252,0.0579,-0.6481,1030491,10884877,274252,0.0947,4737668,6147210,1.298,416,1,0,0
SCR,2020,1,0.0165,0.0386,-0.1090,918155,11413677,188691,0.0804,4891626,6522051,1.333,166,1,0,0
SCR,2021,1,0.0191,0.0372,0.8332,1683184,9797263,187140,0.1718,5032892,4764371,0.947,318,1,0,0
SCR,2022,0,0.0052,0.0099,-0.4693,893255,9691276,50165,0.0922,5068026,4623250,0.912,295,1,0,0
SCR,2023,0,0.0008,0.0017,-0.5844,371202,10631177,8719,0.0349,5125151,5506027,1.074,322,1,0,0
SCR,2024,0,0.0002,0.0005,1.1528,799117,11846891,2937,0.0675,5465196,6381695,1.168,316,1,0,0
SCR,2025,0,0.0059,0.0142,0.5359,1227382,12895731,76330,0.0952,5357322,7538409,1.407,93,1,0,0
ITC,2014,0,,,,453534,,,,,,,94,0,0,1
ITC,2015,0,0.0031,0.0048,-0.5308,212790,2309047,7160,0.0922,1493940,"815,107",0.546,94,0,0,1
ITC,2016,0,0.0087,0.0188,0.3091,278553,3312883,28687,0.0841,1523371,1789511,1.175,85,0,0,1
ITC,2017,0,0.0225,0.0501,1.1507,599074,3522377,79164,0.1701,1578678,1943699,1.231,85,0,0,1
ITC,2018,0,0.0233,0.0513,0.0376,621621,3503819,81718,0.1774,1591660,1912159,1.201,98,0,0,1
ITC,2019,0,0.0283,0.0645,-0.2744,451076,4126360,116722,0.1093,1810676,2315684,1.279,98,0,0,1
ITC,2020,1,0.0321,0.0728,1.0430,921533,4412192,141458,0.2089,1943379,2468813,1.270,98,0,0,1
ITC,2021,1,0.0319,0.0657,-0.2208,718039,4259774,136068,0.1686,2071481,2188292,1.056,96,0,0,1
ITC,2022,0,0.0363,0.0682,0.1363,815913,4175177,151585,0.1954,2222318,1952859,0.879,78,0,0,1
ITC,2023,0,0.0188,0.0338,-0.3516,529016,4150184,78013,0.1275,2304974,1845210,0.801,72,0,0,1
ITC,2024,0,0.0083,0.0142,0.0827,572743,3988436,32916,0.1436,2322688,1665748,0.717,71,0,0,1
ITC,2025,0,0.0119,0.0182,0.2877,737510,4199184,49984,0.1756,2742307,1456878,0.531,72,0,0,1
NHA,2014,0,,,,57556,,,,,,,89,0,0,1
NHA,2015,0,0.0723,0.1070,1.5829,148660,183186,13253,0.8115,123836,59351,0.479,89,0,0,1
NHA,2016,0,0.1138,0.1228,0.0069,149687,143706,16349,1.0416,133161,10545,0.079,88,0,0,1
NHA,2017,0,0.1470,0.1540,-0.3828,92391,158222,23255,0.5839,151028,7194,0.048,76,0,0,1
NHA,2018,0,0.1459,0.1536,0.1330,104675,187642,27377,0.5578,178239,9403,0.053,76,0,0,1
NHA,2019,0,0.2538,0.2771,0.6242,170012,269121,68316,0.6317,246555,22566,0.092,79,0,0,1
NHA,2020,1,0.1134,0.1276,-0.0497,161567,317524,36021,0.5088,282239,35284,0.125,98,0,0,1
NHA,2021,1,0.0047,0.0084,-0.2419,122478,506186,2385,0.2420,284458,221728,0.779,102,0,0,1
NHA,2022,0,0.0027,0.0044,-0.1160,108276,697085,1872,0.1553,427116,269969,0.632,101,0,0,1
NHA,2023,0,0.0086,0.0136,-0.3246,73134,684684,5893,0.1068,433009,251675,0.581,98,0,0,1
NHA,2024,0,0.0787,0.1221,1.1926,160354,800671,63004,0.2003,516013,284658,0.552,36,0,0,1
NHA,2025,0,0.0767,0.1327,0.8384,294788,1029175,78940,0.2864,594953,434221,0.730,52,0,0,1
DTD,2014,0,,,,,,,,,,,,0,0,1
DTD,2015,0,,,,,268487,,,125590,142898,1.138,,0,0,1
DTD,2016,0,0.0277,0.0599,,279960,473033,13095,0.5918,218685,254348,1.163,,0,0,1
DTD,2017,0,0.0403,0.0854,0.3038,365019,492454,19847,0.7412,232532,259921,1.118,310,0,0,1
DTD,2018,0,0.0492,0.1092,0.2551,458138,579334,28510,0.7908,261042,318292,1.219,101,0,0,1
DTD,2019,0,0.0458,0.1734,-0.5592,201930,1699545,77820,0.1188,448675,1250870,2.788,101,0,0,1
DTD,2020,1,0.0539,0.1770,2.6876,744638,2148459,115714,0.3466,653892,1494567,2.286,308,0,0,1
DTD,2021,1,0.0613,0.1517,-0.0689,693305,1943872,119193,0.3567,785659,1158213,1.474,287,0,0,1
DTD,2022,0,0.0521,0.1112,-0.1606,581935,2035745,106076,0.2859,953714,1082031,1.135,150,0,0,1
DTD,2023,0,0.0994,0.1762,0.3490,785048,2185087,217189,0.3593,1232942,952144,0.772,150,0,0,1
DTD,2024,0,0.0544,0.0912,-0.3699,494683,2213793,120417,0.2235,1320795,892998,0.676,150,0,0,1
DTD,2025,0,0.0950,0.1524,0.6676,824945,2664550,253137,0.3096,1661061,1003489,0.604,120,0,0,1